ID_REF,SYMBOL,cluster,UT_1,UT_3,T0.5h,T1h,T2h_1,T2h_2,T2h_3,T3h,T4h,T6h,T8h,T10h
7897449,SPSB1,SRG,-0.0895788660000001,0.0895788660000001,0.105836068,0.171497617,0.281995124,0.11517896,0.237510807,0.460627687000001,0.405837744999999,0.644800754,0.801091222,0.768634352999999
7899343,GPR3,ILG,-0.00198174800000039,0.00198174799999862,0.245333235999999,0.429696486999999,0.560200806999999,0.767089416999999,0.732541786999999,0.991454287,1.183891587,1.141924127,1.320918837,1.247842127
7900365,MFSD2A,ILG,-0.1190762785,0.1190762785,0.177265785499999,0.3392561015,0.620644050500001,0.680912944500001,0.4325458255,0.906274207500001,1.2284943475,1.3328992475,1.2707145175,1.2715150575
7902227,GADD45A,DEG,0.0198064230000004,-0.0198064230000004,-0.157029080999999,-0.0920324560000001,0.0294852389999996,0.0723862000000004,0.0297977710000001,0.260797463000001,0.266330586,0.623038525,0.818874095,0.654138535
7902592,ARID3B,SRG,-0.0803495099999996,0.0803495100000013,-0.0641804529999987,0.0482448900000012,0.032105790000001,0.169946113000002,-0.0713906459999993,0.032105790000001,0.0527096490000005,0.622811719000001,0.716543089000002,0.704533309000002
7902687,CYR61,IEG,0.158762481,-0.158762481,0.612698793,0.880216629,0.734970359,0.684488549999999,0.652872082,0.620589505,0.876568814000001,0.997975965,1.03441081,0.976694237
7902861,LRRC8B,SRG,0.0743602200000009,-0.0743602199999991,-0.177872614999998,-0.0738031099999983,-0.00157742999999932,-0.0973047499999993,0.0176575900000007,0.161378780000001,0.325448640000001,0.565804040000002,0.694977230000001,0.560655690000001
7903369,SLC30A7,SRG,0.0949703849999999,-0.0949703849999999,-0.0159857549999991,-0.181087095000001,0.166735705000001,0.0707785249999997,0.0404294850000007,0.372727625,0.400700795000001,0.469969705,0.501029785,0.488338815000001
7906564,PEA15,SRG,-0.000515690000000291,0.000515690000000291,-0.0509220699999986,0.05651954,0.159269590000001,0.10716798,0.0251374700000007,0.093042650000001,0.306620580000001,0.52439672,0.5917306,0.57681846
7906863,UAP1,SRG,-0.0711047849999993,0.0711047850000011,0.133815725,0.0718890549999998,0.208675405000001,0.208161115000001,0.0792189949999997,0.439952695000001,0.464307735,0.656790525,0.737254645,0.562153305000001
7907830,QSOX1,ILG,-0.158411665500001,0.158411665499999,0.2512561585,0.270211525499999,0.456514671499999,0.4363391475,0.4605415855,0.579050949499999,0.7236496665,0.9798687315,1.1125735115,1.3067223615
7908917,BTG2,IEG,0.00522942549999961,-0.00522942550000138,0.375742755499999,0.688768055499999,1.0197169755,0.9653775155,1.0749770655,1.2188683355,1.3021042555,1.2341343555,1.0617786955,1.0475618455
7909332,CD55,SRG,-0.0199047500000002,0.0199047500000002,-0.0957223200000001,-0.14615423,0.00772899000000038,0.0878805099999997,0.00850274999999989,0.31369976,0.36577145,0.49315696,0.58077042,0.627055889999999
7910680,GPR137B,SRG,0.037860285999999,-0.0378602860000008,0.235768626,0.119633916,0.209140396,0.209091936,0.117472085999999,0.438533066,0.477829126,0.792831626,0.764258055999999,0.785709536000001
7912157,ERRFI1,DEG,0.0428276600000004,-0.0428276600000004,-0.0810746899999994,0.0225456099999999,0.36032434,0.21973974,0.19094159,0.55039487,0.423188079999999,0.630185900000001,0.717518869999999,0.38697228
7912706,EPHA2,SRG,0.111742931499998,-0.1117429315,-0.0386743935000009,0.1732630795,0.3007829835,0.379449724499999,0.276673343499999,0.610930574499999,0.948082764499999,1.6000713035,1.7298078235,1.7079798635
7915015,GNL2,SRG,0.0622266449999991,-0.0622266450000009,-0.117793315,-0.169257925,0.0564971449999998,0.00150902500000072,0.0185253349999996,0.334747775,0.293905255,0.372774505000001,0.436616375,0.456126005
7915084,YRDC,IEG,-0.300894295000001,0.300894294999999,0.368814004999999,0.482167674999998,0.804931104999998,0.811997294999998,0.840186754999998,0.833019874999998,0.975569294999998,0.914501904999998,1.002150515,1.125507645
7915472,SLC2A1,DEG,-0.106762255,0.106762255,-0.0564916449999995,-0.197310634999999,0.0319757450000004,0.0568536149999996,0.0307916650000006,0.265942875,0.291150035000001,0.172066265,0.299878175,0.385590755000001
7917338,BCL10,ILG,-0.0891208419999998,0.0891208419999998,0.197882511,0.225355849,0.640665274,0.468055332999999,0.463178287,0.667608244,0.747931123999999,0.921773384,0.910331694,0.944286834
7917472,GTF2B,DEG,0.121361105,-0.121361105,-0.037066105000001,-0.0927345650000007,0.264709074999999,0.114347935,0.112517655,0.376615025,0.538960934999999,0.678175995,0.688193914999999,0.639649705
7918284,TAF13,SRG,-0.142920984,0.142920984,0.181301487000001,-0.098533616000001,0.199166427,0.160359175,-0.10778067,0.394988197,0.464135645000001,0.804136221,1.016996563,0.957329022
7919751,MCL1,ILG,-0.0344253300000013,0.0344253299999995,0.12558505,0.27008457,0.5079104,0.40385395,0.48982848,0.561543819999999,0.58049688,0.694203979999999,0.727276929999999,0.773004709999999
7921099,CRABP2,SRG,-0.2413442155,0.2413442155,0.1405764375,-0.1958133035,0.1073592095,0.2470117435,0.112294476500001,0.430142802500001,0.4851196925,0.5350975975,0.8056312595,0.8905625935
7922976,PTGS2,ILG,0.1718378035,-0.1718378035,0.169534655500001,1.2612427565,2.1314758315,2.1021649795,1.7781870885,1.7666984615,2.1187762705,2.3399111995,2.6220913555,2.9971374435
7924977,PGBD5,SRG,-0.0745938699999993,0.0745938700000011,-0.125367731999999,-0.120120648,-0.0565026910000004,-0.0623585260000006,-0.123636368,0.33909087,0.581078868000001,0.73585924,0.605584582000001,0.602377531
7925611,TFB2M,DEG,0.0566913740000015,-0.0566913739999997,0.00920283100000141,-0.00907044699999915,0.295792352000001,0.336690672000001,0.235722202000002,0.551211042,0.653305892000001,0.563904442,0.499847472000001,0.484281992000001
7926531,ARL5B,DEG,0.0635191450000008,-0.063519144999999,-0.0730025649999995,-0.108802355,0.147582025,0.199820015,0.125081985,0.343495465,0.406820675000001,0.640565905000001,0.741413275000001,0.788411645
7927936,DDX21,DEG,0.00694981000000006,-0.00694981000000006,-0.0598843700000007,-0.20957922,0.0901585699999998,-0.0335568899999998,0.0347945299999992,0.314953129999999,0.36080615,0.38811731,0.524582499999999,0.4448376
7928551,RPS24,SRG,-0.22394924,0.22394924,-0.0100133299999996,-0.17128767,-0.00924496000000019,0.0307437799999999,0.0335648299999995,0.18414613,0.358799529999999,0.251010539999999,0.24950877,0.459913520000001
7933872,EGR2,IEG,-0.172200373499999,0.172200373500001,0.926133628500001,2.2702463805,2.8250227005,2.8308183505,2.6917695405,3.0008664605,3.0679612605,3.2500072705,3.4565282405,3.5311357105
7936856,CHST15,SRG,-0.0351200555000002,0.0351200555000002,-0.105009177499999,-0.142596208500001,-0.190577229500001,-0.199967518499999,-0.1544448025,0.1100186215,0.0984421184999995,0.432990160500001,0.5780757955,0.7770493425
7939341,CD44,SRG,0.0251560155000004,-0.0251560155000004,0.1572025385,0.1591960845,0.2418480365,0.3177373785,0.332986178500001,0.2443976505,0.5494649165,0.808373106499999,1.0731208565,0.9918624565
7941460,DRAP1,SRG,-0.484895965,0.484895965,-0.228642365000001,-0.295352945000001,-0.208868345000001,-0.300049405000001,0.187465574999999,-0.354915425,-0.455955615000001,-0.0846333450000003,0.0872461250000001,-0.0286372450000005
7941694,RBM14,IEG,-0.257123479999999,0.257123480000001,0.224835080000002,0.228455750000002,0.266657110000001,0.334192030000001,0.352380370000001,0.383623630000001,0.301374070000001,0.403134960000001,0.370733220000002,0.426073280000001
7945781,PHLDA2,SRG,-0.0498523915,0.0498523915,0.015064516499999,0.346642044499999,0.3105204445,0.369701852499999,0.381146919499999,0.409145351499999,0.482669054499999,0.774832015499999,0.801289535499999,1.1410611855
7946292,CYB5R2,SRG,-0.0374667019999997,0.0374667020000006,-0.0148314739999993,-0.237135771999999,0.131882126000001,0.137687421000001,0.292044756000001,0.472266877000001,0.786421284000001,1.36011116,1.64021404,1.813514734
7947649,CHRM4,SRG,-0.187643625,0.187643625,0.0332389989999999,0.237429661,0.0280618449999999,0.113751328999999,-0.017088901000001,0.322360457,0.442494434,0.592708525999999,0.629491362,0.742261896
7948839,NXF1,ILG,-0.0656119999999998,0.0656119999999998,-0.07254337,-0.0106705700000003,0.0747304800000013,0.052078830000001,0.10820706,0.27689522,0.23183463,0.40579056,0.43722395,0.41016188
7949532,FOSL1,ILG,-0.0304747734999999,0.0304747734999999,0.0657952485000006,0.347022329500001,0.509014634500002,0.730338560500002,0.651084115500002,0.6488707065,0.777114283500001,0.865204627500001,0.984690347500001,1.0168746475
7954090,EMP1,SRG,0.00643980749999962,-0.00643980749999962,0.0267172674999996,0.0832261904999996,0.2683606155,0.1766338265,0.0201620204999999,0.8111832895,1.3217703545,1.9703445165,2.5162680435,2.1777748135
7955589,NR4A1,ILG,-0.0617280569999998,0.0617280569999998,0.141107947,0.721283352,1.015168415,1.007320355,1.084018195,1.319042045,1.439330295,1.874429205,2.279691435,2.536764045
7956287,NAB2,SRG,-0.0536425479999991,0.0536425480000009,-0.113317945,0.139360456,0.382661945000001,0.539708522,0.380837667,0.741177364,0.860374416000001,1.008392804,0.843780558000001,1.008797531
7960134,ZNF26,DEG,0.0778095580000002,-0.0778095580000002,-0.166407432,-0.0873145809999993,0.184744116000001,0.00929278100000097,-0.00857792599999918,0.52489682,0.709176257000001,0.589496804000001,0.864103364,0.793003519000001
7963567,KRT8,DEG,-0.140983425000002,0.140983425,0.316082235,0.264374044999999,0.381524744999998,0.362505064999999,0.246502484999999,0.335576215,0.494679334999999,1.018997275,1.196148335,1.419349365
7965335,DUSP6,ILG,-0.010738173,0.010738173,0.487287974,0.842989873,0.896455601,0.934787431999999,1.087844975,1.011935516,1.123848951,1.255719586,1.346639731,1.552339788
7970810,SLC7A1,SRG,0.151918525000001,-0.151918524999999,-0.262783704999999,-0.217153244999999,-0.0559528449999984,-0.0396963849999992,0.0639124049999999,0.276897275000001,0.379931445,0.442407585000002,0.561056135000001,0.578406575000001
7972217,SPRY2,DEG,0.041386769999999,-0.0413867700000008,0.31935777,0.15437616,0.510334129999999,0.641244729999999,0.48545979,0.861685769999999,0.97119908,1.05120205,1.08597953,0.986131429999999
7972713,EFNB2,DEG,0.102943124499999,-0.102943124499999,-0.1637507315,-0.2309896995,0.140030685500001,0.0907983085000001,0.1356251125,0.472703898500001,0.6140934885,0.836764738499999,0.7281665185,0.5952869485
7973067,PNP,ILG,-0.17586208,0.17586208,-0.022165059999999,0.0459271500000007,0.15248953,0.101172250000001,-0.0247618499999991,0.0878432900000004,0.16311634,0.37171459,0.363426540000001,0.32178442
7975779,FOS,IEG,0.1100628895,-0.1100628895,1.7467890975,2.8762984275,2.3619231575,2.4019423975,2.4561892875,2.6176777575,2.5413367575,2.4721901975,2.5492661975,2.5343738775
7979108,TRIM9,SRG,0.0679095580000002,-0.0679095580000002,-0.11288002,-0.0937635070000002,0.0966274850000008,0.0813279970000007,-0.00143393399999958,0.450251324,0.610413812000001,0.670010608,0.732095532000001,0.679747973
7979269,GCH1,SRG,-0.0533783440000004,0.0533783440000004,-0.047726475000001,-0.0483826720000007,0.0722836489999992,0.127296185999999,0.0327457349999989,0.336642501,0.447110957,0.539455482999999,0.667864676999999,0.682246157
7982597,THBS1,SRG,0.0500463305000007,-0.0500463304999998,0.0181998975000006,0.1637739905,0.324715576500001,0.4430981435,0.577367299500001,0.7628036475,1.0087194775,0.9200693925,0.8566300365,0.774869559500001
7982868,CHAC1,SRG,0.194649526499999,-0.194649526500001,-0.2489317435,-0.600292684499999,-0.5858075205,-0.3893731185,-0.7398820235,-0.104021381500001,0.149781046499999,0.792316016499999,0.627913206500001,0.7157275865
7986350,ARRDC4,DEG,-0.0777446425000008,0.077744642499999,0.445737288499998,0.603178991499998,1.4954033755,1.5420938155,1.4845835755,1.8515632655,2.0275872455,2.2758490555,2.0800439355,1.8897767555
7989069,PYGO1,SRG,0.0715759889999994,-0.0715759889999994,-0.198882518,-0.182307476,-0.0449292159999999,-0.0890241310000004,-0.0422646590000006,0.566063413,0.667037773000001,0.738803503,0.732192163000001,0.707237763
7992789,TNFRSF12A,DEG,-0.262890673999999,0.262890673999999,0.202950334000001,0.471790184,1.060826394,1.257406784,1.167750964,1.777396434,2.164391194,2.594049424,2.553811564,2.632208844
7993148,PMM2,DEG,0.133865219500001,-0.133865219499999,-0.0029841674999993,-0.0180655234999989,0.378927489500001,0.433892544500001,0.339218411500001,0.7375996995,0.675240049500001,0.766076983500001,0.653495601500001,0.590571008500001
8000738,KCTD13,SRG,0.0604500699999999,-0.0604500699999999,-0.109309230000001,-0.10790085,-0.0214486700000016,0.06350737,-0.0783455200000009,0.0270439899999992,0.154717549999999,0.453959579999999,0.56286388,0.70788368
8002660,TXNL4B,DEG,-0.13600883,0.13600883,0.0772134799999993,-0.35052832,-0.12084567,-0.251477599999999,-0.28333866,0.0535840600000004,0.17792073,0.43897632,0.441469789999999,0.605030559999999
8002987,CMC2,ILG,-0.1300235,0.1300235,0.19553666,0.172691560000001,0.307081739999999,0.270179069999999,0.10218463,0.214606059999999,0.391287349999999,0.562176239999999,0.62518339,0.5529075
8003298,SLC7A5,SRG,0.0102247900000005,-0.0102247900000005,0.0426308599999992,0.0935708999999996,0.14036449,0.11177861,0.215666479999999,0.20695967,0.276592559999999,0.4269669,0.573231249999999,0.572255569999999
8003611,FAM57A,DEG,0.031028384999999,-0.0310283850000008,-0.0130946450000007,0.0689973749999986,0.285487304999998,0.352410584999999,0.308649184999998,0.748229534999998,0.875797205,0.794107734999999,0.797029064999998,0.880694134999999
8004671,KDM6B,DEG,-0.0328943324999997,0.0328943325000015,-0.2752482175,-0.257241991499999,-0.0664059934999983,-0.0165636604999992,0.00437595050000184,0.3354026435,0.5299821505,0.779368760500001,0.988691360500001,0.956845190500001
8004691,TMEM88,SRG,-0.00598142149999958,0.00598142150000047,0.0561324745,0.197321860500001,0.0863160965000001,0.402297301500001,0.3893748965,0.6486336675,0.543160282500001,0.9156800685,0.899371627500001,1.2585452155
8010050,UBALD2,DEG,0.00714792500000172,-0.00714792499999994,0.132311935000001,0.266943225,0.473602035000001,0.645148805000002,0.603084995000001,0.715549805,0.748537825000001,0.587386075000001,0.630676565000002,0.573905055000001
8010562,BAIAP2,ILG,-0.1119657075,0.1119657075,0.0606717195000002,0.134926246499999,0.0674445674999991,0.1512721635,0.2319315235,0.5457730765,0.4678995845,1.0774556735,1.1125993735,1.0823898535
8013312,FAM83G,DEG,-0.0698844064999999,0.0698844064999999,-0.0918262295000005,0.2684731895,0.2661098375,0.1325721925,0.2635851175,1.0434501135,0.9852848535,0.9813710925,0.874716341499999,0.820846123499999
8017810,PSMD12,DEG,-0.016148209999999,0.0161482100000008,0.105382400000002,0.0328263400000015,0.126888160000002,0.0487519200000008,0.127022020000002,0.302925720000001,0.388625480000002,0.590293650000001,0.700125750000002,0.606020740000002
8019074,NPTX1,SRG,-0.101654504999999,0.101654505000001,0.141597805000002,-0.000828984999998283,0.00518407500000073,0.0552285050000023,0.104900545000001,0.0611411450000006,0.0854686350000016,0.401181805000002,0.652766735000002,0.441674495000001
8021470,PMAIP1,DEG,0.131832210000001,-0.131832209999999,-0.00356232999999939,0.0654234000000002,0.375063880000001,0.369715710000001,0.29150888,0.400594830000001,0.37984748,0.551382650000001,0.506214750000002,0.443021380000001
8021653,SERPINB8,SRG,-0.0628194770000006,0.0628194769999997,-0.000951408000000598,-0.255178035,0.176877519,0.460169798999999,0.355160655,0.672279639999999,0.914621754999999,1.113359868,1.548301365,1.778188322
8024228,MIDN,ILG,-0.25583087,0.25583087,0.0717960499999997,0.10561508,0.23140808,0.35858926,0.233303250000001,0.333170580000001,0.351214560000001,0.513546080000001,0.685036290000001,0.63693557
8024485,GADD45B,DEG,-0.0257437065000001,0.0257437065000001,0.133863438500001,0.259209677499999,1.1622828995,1.3339382095,1.1353942895,1.9129251095,2.1572376395,2.2618268495,2.0034471195,1.8631798195
8026047,JUNB,IEG,-0.4143408225,0.414340822500002,0.519497881500001,1.0131061115,1.4955196715,1.5146220415,1.5165853415,1.5969936515,1.7859402215,1.8274292515,1.7932215615,2.0258888115
8026163,IER2,IEG,-0.130065678999999,0.130065678999999,0.403552282,0.682178365,0.644060853999999,0.605433353,0.734733045,0.706823525000001,0.660234819999999,0.616039900000001,0.854851764999999,0.868375355
8028652,ZFP36,DEG,-0.1612313095,0.1612313095,0.0260434165000003,0.4462328345,1.3276984395,1.3201750395,1.3769416265,1.9929252535,1.9987898235,2.3090433735,2.4475496735,1.8585425635
8029693,FOSB,IEG,-0.0510858770000002,0.0510858770000002,0.584134705,1.433338361,1.622619741,1.502341821,1.646154455,1.844970621,1.800286184,1.864977781,1.527578512,1.996887531
8030128,PPP1R15A,DEG,0.226084689999999,-0.22608469,-0.0956518740000014,0.212685359,0.358024755999999,0.565957184999998,0.388020214999999,0.696877485,0.813272625,1.019570585,1.105862725,1.603898185
8034837,DNAJB1,IEG,-0.373050235000001,0.373050234999999,0.455698334999999,0.444751614999999,0.510386795000001,0.495682134999999,0.402485185,0.564705775,0.598016925,0.440310605000001,0.471170385000001,0.685843065
8036902,SERTAD1,SRG,0.109704461000002,-0.109704461,-0.0611111609999995,0.12395394,0.543641957,0.657661090000001,0.674267464000001,0.843447821,0.765466158000001,0.626178945000001,0.524843523000001,0.695827195000001
8037005,TGFB1,SRG,-0.186164167999999,0.186164167999999,0.200333878,0.294556226999999,0.365240287999999,0.505134055999999,0.435933622,0.494271152,0.576641006999999,0.996733157,1.148034139,1.262808389
8037579,ERCC1,SRG,-0.00238511199999891,0.00238511200000069,0.215315588000001,0.302849629000001,0.275154722000002,0.422681841000001,0.431987238000001,0.496182421000002,0.541725849000001,0.912112086000002,1.33109867,1.540593486
8041048,FOSL2,ILG,0.0532910654999998,-0.0532910654999998,-0.0999485055000005,0.0847491754999989,0.2252658085,0.2986645505,0.1777475345,0.3461230355,0.434269173499999,0.6755381155,0.6278343225,0.622667313499999
8042503,MXD1,DEG,0.0320117784999994,-0.0320117785000011,0.0210784814999982,-0.0658966615000018,0.545862028499998,0.505215008499999,0.396396928499998,0.593155068499998,0.6489411585,0.6918243985,0.684569048499998,0.568512618499998
8042576,NAGK,IEG,0.0271685349999995,-0.0271685350000013,0.255415824999998,0.123518404999999,0.0782281849999986,0.276474015,0.0287076349999982,0.312880884999998,0.389113394999999,0.134288464999999,0.175744724999999,0.401265584999999
8042942,HK2,SRG,0.00872968999999912,-0.0087296900000009,-0.273302930000002,-0.404403570000001,-0.0980322800000017,-0.0585884000000014,-0.0516714800000013,0.197488859999998,0.259497019999998,0.202174299999998,0.367040099999999,0.428886129999999
8043909,NPAS2,SRG,0.0703334985000001,-0.0703334985000001,0.00602761849999922,0.0550374794999993,0.00327958649999971,0.1416614835,0.0683643964999998,0.188054622499999,0.363984861500001,0.641602801499999,0.504724511499999,0.512355251499999
8045514,SPOPL,SRG,0.133921050500001,-0.1339210505,0.0502126095000008,0.1472289025,0.4155149045,0.0206453854999999,0.119719854500001,0.356265979500002,0.447183888500001,0.741344838500002,0.803069024500001,0.652400500500001
8047069,INPP1,SRG,0.1495007935,-0.149500793500001,-0.0282657705000009,-0.1725252145,0.0251028374999986,0.0618106994999987,-0.0275952745000003,0.517114748499999,0.5805779205,1.0701609065,1.2785325755,1.1107721615
8047217,COQ10B,DEG,0.055209424000001,-0.0552094239999992,0.110809633000001,0.0941214730000013,0.515215288000002,0.495817068000001,0.129641063000001,0.600280228000001,0.908235638000001,0.788485108000001,0.807443108000001,0.606055498000002
8047339,BZW1,SRG,-0.00500249499999939,0.00500249499999939,0.167306705,0.0290885250000006,0.152718955000001,-0.00947177499999974,0.0407667749999998,0.158227215,0.340545435000001,0.569384565,0.522146775,0.501225594999999
8052143,GPR75,SRG,-0.122194890000001,0.122194889999999,-0.245249547000002,-0.242871193000001,-0.0932585340000003,-0.143655767,0.121812245999999,0.186079805999999,0.287057451999999,0.196828078999999,0.455688115999999,0.495280926
8052834,C2orf42,DEG,0.1006628165,-0.1006628165,0.0370072945000004,-0.245369928499999,0.144547873500001,0.317260865500002,0.1837007125,0.276694931500002,0.408176776500001,0.542203331500001,0.566806809500001,0.554694336500001
8053022,EGR4,ILG,-0.0264052479999997,0.0264052479999997,0.0284878079999995,0.443294716,0.614853070999999,0.676285081,0.905127865999999,0.681414516,0.865124989,1.088739839,1.317883094,1.443559204
8055688,RND3,DEG,0.0670616084999995,-0.0670616084999995,-0.0938932954999991,0.1090833195,0.336798549500001,0.3134640295,0.2841487495,0.5918520095,0.649633229500001,0.712728389500001,0.6619945595,0.7467017995
8059376,SERPINE2,SRG,-0.0759766774999999,0.0759766774999999,0.2845015055,0.180398354499999,0.202403626500001,0.2274809435,0.0268321814999997,0.347207196499999,0.3903471925,1.0044015205,1.1765501005,1.0604052705
8059739,NPPC,ILG,-0.00713932000000028,0.00713932000000028,0.0149134499999999,0.149921710000001,0.236779090000001,0.27223384,0.38384464,0.34136717,0.468451230000001,0.328925420000001,0.40124436,0.634749620000001
8060344,TRIB3,SRG,0.131647625999999,-0.131647625999999,-0.346644921999999,-0.210284218,-0.231174712,0.0677514469999991,-0.208690875,-0.02440788,0.00410600999999922,0.302934833,0.460563333,0.791679522999999
8060758,PRNP,SRG,0.0722885550000001,-0.0722885550000001,-0.0976357950000004,-0.0143817950000003,0.137627555,0.0395551749999985,0.0554267049999986,0.176505434999999,0.245128534999999,0.443577394999998,0.359982104999998,0.372797425
8062206,ROMO1,SRG,-0.185340200000001,0.185340200000001,-0.12131913,0.292039369999999,0.436450750000001,-0.0163568000000005,0.11393784,0.0863320299999994,0.12926418,0.46127838,0.50919318,0.38303234
8064375,SRXN1,SRG,-0.0902174650000003,0.0902174650000003,-0.0868500749999992,-0.0853726149999989,0.0318175350000001,0.188574555000001,0.165017765,0.263023765,0.329378555,0.446187205000001,0.550988215,0.603668675
8064766,RNF24,SRG,0.0235386255000005,-0.0235386255000005,-0.058505374500001,-0.173596768499999,-0.0638420525000001,0.0139038065000001,-0.0591846505000007,0.3448407375,0.4208735145,0.6508836645,0.5335635245,0.5436829845
8066513,SDC4,DEG,-0.365800050000001,0.365800050000001,0.1837465,0.0130978899999992,0.450624769999999,0.351677649999999,0.352178,0.69755829,0.99334829,1.26922507,1.34387209,1.265316
8072626,TIMP3,IEG,-0.127504525000001,0.127504524999999,0.191743144999998,0.448147404999998,0.752238224999999,0.696393355,0.663484315,0.709300324999999,0.815959995,0.892829174999999,0.679080615,0.456748064999999
8077441,BHLHE40,DEG,0.1722731415,-0.1722731415,-0.135433671500001,-0.0488822115000005,-0.0617112315000004,-0.0338416954999996,-0.0319326694999997,0.1588167695,0.333056771499999,0.4118475815,0.6580624615,0.7722101115
8079153,ABHD5,DEG,-0.101481704999999,0.101481705000001,0.00268497500000109,-0.00534881499999962,0.209915315000002,0.125645465000002,0.0154567650000015,0.270504395000001,0.382736985000001,0.467853435,0.579560945000001,0.484992835000002
8080487,PRKCD,SRG,0.0184805659999991,-0.0184805660000009,0.107080429999998,-0.0408750400000013,0.143713711999998,0.113951186999998,0.0831830449999984,0.668774471999999,0.896105461999998,0.946683481999999,0.922568281999999,0.789133551999999
8082905,SLC35G2,SRG,0.0745294244999997,-0.0745294244999997,-0.2826929965,-0.4752954605,-0.2037704855,-0.0882204615000006,-0.2108776385,0.0365926224999988,0.2726224045,0.286047416499999,0.5931674765,0.5738644425
8086330,CSRNP1,ILG,0.000338751999999332,-0.00033875200000022,0.316841989,0.480942399,0.730722795,0.849583072,0.802721828999999,1.14313053,1.223986548,1.350577038,1.443231912,1.39095431
8088958,GBE1,SRG,0.102069285000001,-0.102069285,0.144945092,0.032443207,0.245541158,-0.0645290129999996,0.184938196,0.37796513,0.586220344000001,0.626785348,1.038137905,1.128519344
8089062,CLDND1,SRG,0.0857429649999997,-0.0857429650000014,-0.0596965050000016,-0.162240495000001,-0.0649538550000006,-0.0715786650000005,-0.105252755,0.0261566649999985,0.0548495649999996,0.240048164999999,0.423480434999998,0.360285025
8092578,ETV5,IEG,0.0203620395000002,-0.0203620395000002,0.5268799555,0.5120336135,0.9081319985,0.850134968499999,0.7466080585,1.1122109085,1.2159074785,1.2081811685,1.3058902085,1.2238354885
8094169,CPEB2,SRG,0.1283542155,-0.1283542155,-0.366632429499999,-0.0483619574999992,0.0533432615000002,0.0323614934999998,0.0118646924999997,0.2217167625,0.303141416500001,0.6349216795,0.7236493235,0.4330022745
8094938,NIPAL1,DEG,0.1267447415,-0.1267447415,0.1374941005,0.0346656544999995,0.413579007499999,0.316048373499999,0.281268520499999,0.9073171605,1.1644166805,1.4632241305,1.4235752105,1.3747912005
8095539,UTP3,DEG,0.0836902464999998,-0.0836902464999998,0.1494711715,0.1606959775,0.479394769500001,0.3553090175,0.3390256985,0.785747775500001,0.6910345185,0.646080226500001,0.642714593500001,0.5426455345
8096733,SGMS2,SRG,0.131357451000001,-0.131357451,-0.0405070849999998,0.0416851610000002,0.240307281,0.190755151000001,0.223342681,0.543836771,0.739202251,1.335623531,1.392012911,1.336627501
8103011,OTUD4,SRG,0.1121074475,-0.1121074475,0.0225617575000001,0.0709291874999991,0.0567089074999991,-0.1327232305,-0.159597680500001,0.115699957499999,0.126577277499999,0.562300867499999,0.671152317499999,0.5199628175
8105506,ZSWIM6,DEG,0.143789140000001,-0.143789139999999,-0.251329119999999,-0.261465389999998,-0.0849328899999993,-0.0803453099999984,-0.086439249999998,0.387261230000002,0.389216860000001,0.523727850000002,0.701906220000001,0.639295510000002
8105862,CDK7,SRG,0.0569327249999994,-0.0569327250000011,-0.0302654160000007,-0.223752451000001,-0.0157132060000009,0.0684104629999993,-0.0921584069999994,0.246774869999999,0.47555562,0.411238833999999,0.652926161,0.500343034
8106403,F2RL1,ILG,-0.121189145000001,0.121189145000001,0.174727695,0.143159675,0.250442085,0.202501014999999,0.229893075,0.479173775,0.561672554999999,0.793732954999999,0.797040364999999,0.782289555
8108050,TCF7,SRG,-0.0531263390000003,0.0531263390000003,0.0339404979999998,-0.0507996560000006,0.0200655919999999,0.196779064999999,0.0163349789999998,0.202764698999999,0.200914248,0.619512343,0.708085403,0.919565925000001
8108370,EGR1,IEG,-0.0613928439999984,0.0613928440000002,2.81977851,3.81374293,3.85217498,3.7600298,3.84624501,3.80670082,3.80692703,3.91938954,3.91302771,3.87187197
8111941,HMGCS1,SRG,0.0453791800000012,-0.0453791799999994,-0.0130272899999984,-0.170921469999998,0.194404260000001,0.0879015300000017,0.154158280000001,0.519623940000001,0.720840980000002,1.02834423,1.27723289,1.28345008
8112615,ENC1,SRG,0.0849884804999999,-0.0849884804999999,0.3686958665,0.5224190245,0.768690346500001,0.576926211500001,0.6341519455,1.0640326315,1.3259645005,1.4857804515,1.3254050245,1.0665592935
8112841,HOMER1,DEG,0.107018047,-0.107018046999999,-0.0599491719999996,-0.150754072999998,0.28755233,0.0696505530000007,0.0814255930000005,0.725866278000002,0.732215448000002,1.174755328,1.536211518,1.299179628
8114572,HBEGF,DEG,0.0379435689999994,-0.0379435690000012,0.211114283999999,0.176766360999999,0.438367219999998,0.476879985999998,0.451517464999998,0.897150854999998,0.928744737999999,1.153326798,1.093304018,0.926972327999998
8114797,SPRY4,ILG,0.1358780555,-0.1358780555,0.2532760255,0.6957180495,1.3296116105,1.2855772665,1.0891777835,1.2657834255,1.2975965065,1.5949764805,1.7289299705,1.6688983875
8115831,DUSP1,IEG,-0.188817129999999,0.18881713,0.724906310000001,0.81253341,0.530127440000001,0.609698000000002,0.626167480000001,0.656349510000002,0.638137780000001,0.737243700000001,0.643208270000001,0.716762210000001
8116760,RIOK1,SRG,0.0748724050000007,-0.0748724049999989,-0.147591315,-0.174208494999998,0.0534850650000021,0.0175524850000013,-0.055982874999998,0.226498235000001,0.309902975000002,0.303396075000002,0.445398075000002,0.351925795000001
8117120,ID4,DEG,-0.0410983200000015,0.0410983199999997,-0.0675287300000011,-0.16534137,0.0408224399999995,0.0752939899999987,-0.0192260300000004,0.218247609999999,0.389916509999999,0.405103349999999,0.5249472,0.507883269999999
8119088,CDKN1A,DEG,-0.191778883,0.191778883,0.0603001699999997,0.0739293280000002,0.386696245000001,0.460532035,0.355427375,0.690763005000001,0.875685955,1.365806705,1.445937075,1.410159125
8120176,C6orf141,DEG,0.0760640664999999,-0.0760640664999999,0.00342830349999979,0.0381059544999998,-0.0699436474999997,-0.0954263945000005,-0.2616497305,0.356932549500001,0.1573979855,0.818626021499999,1.5087216925,1.2262830695
8122265,TNFAIP3,DEG,0.0224491179999999,-0.0224491179999999,-0.0197552760000006,-0.0294697820000005,0.0666769669999994,0.20551179,-0.0515059980000006,0.424299240999999,0.461558917999999,0.863900201999999,0.635171690999999,0.726357524
8122457,STX11,SRG,0.0584300880000015,-0.0584300879999997,0.0632219800000016,0.146920022000002,0.182550963000001,0.254279203000001,0.236657833000001,0.329224307,0.620542698000001,0.977325328000001,0.971282918,1.329106885
8123609,SERPINB9,DEG,0.00448871700000009,-0.00448871700000009,0.276872805,0.274135685999999,0.862134430999999,0.952011791,0.782335089,1.398653187,1.681768387,2.032433342,2.291890785,2.345750636
8123678,PXDC1,SRG,-0.000403186999999861,0.000403186999999861,-0.127880926,0.0040957430000006,0.122825901000001,0.210815394999999,0.231668914,0.497496857,0.762481497,0.923706644999999,0.832921527,0.979942827
8128034,AKIRIN2,ILG,-0.0980497800000002,0.0980497800000002,0.0732462700000003,0.0434705599999994,0.20741651,0.119851390000001,-0.0678292799999998,0.142019020000001,0.222494810000001,0.47910308,0.60134332,0.677571159999999
8129562,CTGF,ILG,-0.117862474500001,0.117862474499999,0.250630985499999,0.212911820499999,0.310582800499999,0.372787282499999,0.475641049499998,0.647942746499998,0.810020691499998,1.2956520345,1.2087025245,1.2033970145
8132725,UPP1,SRG,-0.1245547045,0.1245547045,0.2543149255,0.123098076500001,0.260019311500001,0.3207872365,0.270371010500001,0.5564261075,0.713158182500001,0.925050621500001,1.3824561735,1.5032801205
8134463,NPTX2,IEG,-0.178030939999999,0.178030940000001,0.37484085,0.431039030000001,0.68060882,0.798680900000001,0.728308160000001,0.874647380000001,0.891974230000001,1.1214889,1.00845151,1.22785816
8135514,IFRD1,SRG,0.1875586735,-0.1875586735,-0.6834100165,-0.7157713155,-0.253883655499999,-0.395543156499999,-0.422907309499999,0.0391648834999998,0.3640781135,0.6927545935,0.8615281735,0.913423373500001
8136918,ZYX,ILG,0.0469730300000002,-0.0469730300000002,0.11337617,0.20535095,0.397389970000001,0.514377830000001,0.413525120000001,0.525848010000001,0.694280689999999,0.935331700000001,0.943294720000001,0.97972622
8137526,INSIG1,IEG,-0.0748862399999997,0.0748862399999997,0.331850429999999,0.45865014,0.724511619999999,0.70908712,0.73835193,1.05446365,1.06304985,1.07264368,0.89447257,0.93310848
8137537,EN2,SRG,-0.0841565650000007,0.0841565649999989,-0.155823335000001,-0.0708611450000003,0.248837434999999,0.361424475,0.391659124999999,0.838472764999999,0.993749954999998,1.251693915,1.206224565,1.316052575
8139891,SBDS,DEG,-0.0503097700000001,0.0503097700000001,-0.0505053399999991,-0.16126096,0.00720053999999948,-0.0964024499999994,0.0235952000000008,0.13152094,0.30835139,0.297880839999999,0.434538099999999,0.382097829999999
8140579,CACNA2D1,SRG,0.246879875499999,-0.246879875500001,-0.106536964500002,-0.0313999745000011,0.0748471554999988,-0.0207107845000021,0.156935455499999,0.245439525499998,0.322705255499999,0.402341595499999,0.687018775499999,0.671251225499999
8140782,ABCB1,SRG,0.134813548,-0.134813548,-0.0217064950000001,-0.142348034999999,0.117471830000001,-0.0280805669999999,0.0272737480000007,0.352491692000001,0.42653329,0.893852683,1.313608834,1.369872084
8141016,TFPI2,DEG,0.1074845635,-0.1074845635,0.1036660165,0.0525509794999994,1.7411337625,1.7434751915,1.3243319655,3.7388049055,4.5747285055,5.3462235855,5.4794218055,5.6933430855
8141094,PDK4,DEG,-0.0747855514999998,0.0747855514999998,0.2768078995,0.0733577575000002,0.4148382175,0.344866617499999,0.4068530615,0.8259803075,1.0894611195,1.3217242345,1.1161958445,1.1308412445
8141664,VGF,SRG,-0.0518818020000005,0.0518818020000005,0.176609490000001,0.113650980999999,0.111164745,0.337600590999999,0.417142523999999,0.165121395,0.234905603,0.570131119999999,0.899165813,1.397582508
8142307,PNPLA8,SRG,0.0425416649999999,-0.0425416649999999,-0.133442078,-0.270642033,0.0126853550000003,-0.226257123,-0.221757026000001,0.175366585000001,0.305882244999999,0.478233495,0.672365955,0.649900544999999
8142540,FAM3C,SRG,0.0838986340000005,-0.0838986340000005,0.0219523089999996,0.0294459299999996,0.214417125000001,0.0413567009999998,0.0717912389999995,0.385151615,0.518415324999999,0.598258065,0.710808245000001,0.674012104999999
8143307,HIPK2,SRG,0.133074130000001,-0.133074129999999,-0.0975294400000006,-0.017129259999999,-0.0118395899999992,-0.0482784699999996,0.0849561100000003,0.0627689100000008,0.16434402,0.45572546,0.519795269999999,0.471028609999999
8144378,AGPAT5,SRG,-0.00367534499999955,0.00367534499999955,0.00361785499999989,-0.173913547,0.0533467749999996,-0.104651725,0.0900957650000009,0.226468735000001,0.334052695,0.376028245000001,0.503429805,0.588449095
8145691,UBXN8,SRG,-0.17018552,0.17018552,0.0600792000000006,-0.1115529,-0.134332649999999,-0.15602689,-0.14411333,0.0133893799999996,0.195067740000001,0.3362008,0.51948653,0.58439396
8145782,MAK16,DEG,0.144952612000001,-0.144952611999999,-0.00664362299999866,-0.164946338,0.176949021,0.235775914000001,-0.0169465449999997,0.481014112,0.603933582,0.581452912000001,0.710170142000001,0.675947382
8147132,CA2,DEG,0.0364346250000001,-0.0364346250000001,0.0728263550000001,0.152627834999999,0.383286034999999,0.478402135,0.473398424999999,0.832570064999999,0.941694094999999,0.929396635,0.930251334999999,0.922555005
8148304,TRIB1,IEG,0.0711707649999997,-0.0711707650000015,0.220628274999999,0.695327444999998,1.060827225,1.100360145,1.117271285,1.514817875,1.479632225,1.644387105,1.510030185,1.528090595
8148553,LY6K,ILG,0.0711239985000001,-0.0711239985000001,0.114574595500001,0.404315674499999,0.5684194835,0.818135098499999,0.623580002500001,0.936391732500001,0.976653887499999,1.4288195245,1.3123613265,1.3897000645
8149720,EGR3,IEG,-0.0150131604999997,0.0150131605000006,1.4393781855,3.0057097905,3.9769286245,4.0537983945,4.0162586645,3.8544129445,3.9209310445,3.9243830345,3.9030236045,3.9090602645
8149749,TNFRSF10D,SRG,-0.112416245,0.112416245,-0.007082754999999,-0.175921024999999,0.0320203750000001,-0.0160720649999995,0.0367370050000009,0.243068595,0.311202215,0.449644555000001,0.477533644999999,0.581815455000001
8149927,CLU,ILG,-0.111400646,0.111400646000002,0.324652066000001,0.348546506,0.403083456000001,0.731743786000001,0.534255696000001,0.713538576000001,0.798116636000001,1.346684486,1.500756226,1.379780716
8150186,RNF122,IEG,-0.160133705,0.160133705,0.204654945,0.303238145,0.747338845,0.686982355,0.726772304999999,0.941129974999999,1.160200335,1.361784015,1.238010045,1.155473205
8150509,PLAT,DEG,0.0643394199999996,-0.0643394199999996,0.105447795,0.10721406,0.224552130999999,0.336194880999999,0.251797221,0.445396461,0.595693051,0.824372740999999,0.674239480999999,0.561133181000001
8150978,CA8,SRG,-0.0237279000000008,0.023727899999999,-0.0605124600000018,-0.188944514000001,0.000605309999999193,-0.00474122000000143,-0.216830334000001,0.182110219999998,0.387498639999999,0.706438749999998,0.667421729999999,0.572158109999998
8151816,GEM,DEG,0.0627194255000001,-0.0627194255000001,0.1380844595,0.4206699655,0.900915832500001,1.0590136075,0.957449200499999,1.2939482335,1.5482749935,1.8041407945,1.8012757615,1.6556168645
8151871,CCNE2,SRG,-0.0130788650000007,0.0130788649999989,-0.198516375000002,-0.379866415000002,-0.138652395000001,-0.349577635000001,-0.258813605000002,0.0431956149999984,0.157931114999998,0.379727144999999,0.445914794999998,0.443450754999999
8152041,RNF19A,SRG,0.125656468500001,-0.125656468499999,-0.304781410499999,-0.2534366965,0.1759205645,0.0415042065000009,0.0613944785000005,0.483196284500002,0.5155079345,0.557715504500001,0.528596654500001,0.525925754500001
8152215,KLF10,DEG,-0.0636266784999986,0.0636266785000004,0.388796772500001,0.350630858500001,0.962479684500002,0.9767394945,0.950078164500001,1.2311303245,1.3421368045,1.2702566845,1.2803968945,1.3566804045
8152703,FBXO32,SRG,0.0450173360000008,-0.045017335999999,-0.00036383599999823,0.144281131000001,0.572021994000002,0.581959137000002,0.428185441000002,0.948253434000002,1.090386644,1.208045867,1.021582478,0.847221224000002
8153002,NDRG1,DEG,0.0783536850000015,-0.0783536849999997,0.040094915000001,0.0571204050000009,0.398064525000001,0.534880895000001,0.490741475,0.700906005,0.767073005,0.857192195000001,0.944894625,0.892879185
8153322,ARC,ILG,0.0489024550000003,-0.0489024549999986,0.168989345000002,0.847482595000001,1.393948835,1.539494425,1.522796235,1.850084555,1.957311955,2.219500955,2.051268185,2.052777345
8154765,DNAJA1,SRG,-0.178002045000001,0.178002044999999,0.282630885,0.154883235,0.166294724999998,0.302267084999999,0.200034694999999,0.448328654999999,0.311842035,0.659602574999999,0.619989205,0.510358434999999
8158560,TOR1B,SRG,-0.1478389675,0.1478389675,0.0206782744999998,-0.0432418735000013,0.1954283675,0.175015397499999,0.1759180675,0.4368431575,0.4586168475,0.6985083375,0.6992809675,0.6331896075
8159854,KIAA0020,DEG,0.0979477334999999,-0.0979477334999999,-0.00446930250000044,-0.00719029549999917,0.2258244755,0.1595866575,-0.0541014314999995,0.5752876135,0.630254005499999,0.725273057500001,0.9334347245,0.9454386555
8161701,TMEM2,SRG,0.1762195395,-0.1762195395,-0.1030021305,0.00809645950000082,0.204624835500001,0.1975837085,0.1561442265,0.6488648185,0.7430752895,0.8860691845,1.0543057405,1.0870690255
8163637,TNC,SRG,0.021809395,-0.021809395,-0.0892332150000001,-0.106195249000001,0.123857584,0.0868837609999993,0.0999380919999986,0.276197805999999,0.452483298999999,0.607724841,0.873934228,0.764984229
8165508,NRARP,DEG,-0.223750586,0.223750586000001,0.151495146,0.213305266000001,0.467930586,0.672108666,0.485027846000001,1.070874876,1.401305846,1.795666116,1.565897806,1.615923496
8166219,SYAP1,ILG,0.00948372500000083,-0.00948372499999905,0.0466542949999997,0.0904378050000005,0.368247815,0.171519715000001,0.159860795,0.278631985000001,0.278463085,0.574905705000001,0.574649425,0.506025755000001
8168447,PBDC1,SRG,0.0591545174999997,-0.0591545174999997,-0.1740870825,-0.2468494855,0.0670686225000008,-0.0313561324999991,0.1224247605,0.4388761065,0.4574181385,0.553473868499999,0.4626566105,0.606471752500001
8169598,ZCCHC12,DEG,0.0973085155,-0.0973085155,0.3107814025,0.368656296499999,1.3282089155,1.3926934855,1.3597491955,2.2137986755,2.5040506155,2.8405502955,2.7707933355,2.7614069255
8169603,LONRF3,SRG,0.0175218904999994,-0.0175218904999994,0.0839589605000004,0.00543082050000088,0.0788508004999997,0.108226650500001,0.0521089804999999,0.2478340305,0.281369890500001,0.6079562005,0.836618230500001,0.8353615905
8170476,GPR50,DEG,-0.0254903100000003,0.0254903100000003,0.0531876310000001,0.135224149000001,0.490982009,0.524646003000001,0.411410989,0.813974366,1.127615157,1.468614339,1.732020009,1.771613649
8171539,RAI2,SRG,-0.125581286500001,0.125581286499999,0.0770333954999991,0.106473687499999,0.2644657555,0.259110694499999,0.4882185375,0.728166628499999,0.987418229499999,0.940785925499998,0.911209464499999,0.548578493499999
8175039,ELF4,SRG,0.0425921855000002,-0.0425921854999984,-0.1100651635,-0.0589791214999984,0.0369104995000011,0.183717838500002,-0.0142251784999985,0.236977557500001,0.541958905500001,0.8631908255,0.923248975500002,1.0319836055
8178059,LY6G5B,SRG,-0.0907015750000006,0.0907015749999989,-0.112242005000001,-0.0721678550000018,-0.0749706550000013,-0.254450165000002,-0.228860165,0.235456844999998,0.078467354999999,0.162910834999998,0.382963994999999,0.314434514999999
8178435,IER3,IEG,-0.346510797499999,0.346510797500001,0.6306807575,0.619033827500001,0.9715013875,0.8983190575,1.0252639075,1.1993022775,1.3272694175,1.4106785575,1.4337701075,1.6417617375
