Gene name,number of CPs,RSS,nCP-penalized RSS,R squared
SPSB1,3,0.0233863851968619,0.0935455407874475,0.966329047299579
GPR3,3,0.0540298315128898,0.216119326051559,0.971110798387966
MFSD2A,3,0.0387774187366728,0.155109674946691,0.982462537347527
GADD45A,4,0.0372157266963886,0.334941540267498,0.963188855165229
ARID3B,4,0.0485415543660244,0.43687398929422,0.945655082076382
CYR61,5,0.0819595672343636,1.31135307574982,0.901009402545785
LRRC8B,4,0.027730924933545,0.249578324401905,0.966572430056884
SLC30A7,5,0.0291386107293004,0.466217771668807,0.946844858648648
PEA15,2,0.0676186424006655,0.0676186424006655,0.874834314628043
UAP1,3,0.0499817437626343,0.199926975050537,0.91531264315238
QSOX1,2,0.208290446201289,0.208290446201289,0.863540552321287
BTG2,3,0.200621250672567,0.802485002690269,0.871749629699351
CD55,3,0.105513414802713,0.422053659210851,0.851978863650902
GPR137B,3,0.0596196539347794,0.238478615739117,0.920905694118031
ERRFI1,4,0.0685689353835923,0.617120418452331,0.898877925902857
EPHA2,2,0.558816815170927,0.558816815170927,0.871590656401404
GNL2,5,0.0343382970668475,0.54941275306956,0.92891976594866
YRDC,4,0.0164188809817275,0.147769928835548,0.984624863954847
SLC2A1,5,0.0443141905017452,0.709027048027923,0.8557640509272
BCL10,3,0.0177651375549857,0.0710605502199429,0.982325154537127
GTF2B,3,0.101925576937943,0.407702307751771,0.878829123582519
TAF13,2,0.201172116018934,0.201172116018934,0.857365542905523
MCL1,3,0.027735612622819,0.110942450491276,0.954401125781846
CRABP2,2,0.142742456069151,0.142742456069151,0.8653100606195
PTGS2,3,1.06943393876244,4.27773575504977,0.876212785402276
PGBD5,4,0.139645202888444,1.25680682599599,0.866351013254987
TFB2M,3,0.0853546598274994,0.341418639309998,0.855005180835317
ARL5B,2,0.107969822061872,0.107969822061872,0.889256219820097
DDX21,5,0.0424092140249956,0.67854742439993,0.922012296928992
RPS24,5,0.0229614556533328,0.367383290453325,0.930328012481022
EGR2,4,0.313030257747137,2.81727231972423,0.973845922572472
CHST15,3,0.110648851027106,0.442595404108425,0.882122382090452
CD44,2,0.174832841435987,0.174832841435987,0.860424198703204
DRAP1,,,,
RBM14,4,0.0141473608078719,0.127326247270847,0.898510343997785
PHLDA2,2,0.0973410243991588,0.0973410243991588,0.912499179116227
CYB5R2,2,0.33579776140914,0.33579776140914,0.929330620624567
CHRM4,2,0.0921916658966154,0.0921916658966154,0.853557229238626
NXF1,3,0.0392046015046008,0.156818406018403,0.878615096024109
FOSL1,3,0.0515000818246125,0.20600032729845,0.954652826693282
EMP1,3,0.791194330118473,3.16477732047389,0.904309189073808
NR4A1,3,0.168105572949309,0.672422291797234,0.973159769961863
NAB2,3,0.133415735836065,0.533662943344259,0.914706961947676
ZNF26,4,0.193866923965974,1.74480231569377,0.855197662638499
KRT8,2,0.122395332971916,0.122395332971916,0.935894786669842
DUSP6,4,0.0636155514389571,0.572539962950614,0.964181059865431
SLC7A1,5,0.0385695315168176,0.617112504269082,0.954238269758217
SPRY2,3,0.0702753453177517,0.281101381271007,0.949753156349283
EFNB2,4,0.155081948012343,1.39573753211109,0.880466746541914
PNP,3,0.0265429947299087,0.106171978919635,0.864772630699948
FOS,4,0.694318977249865,6.24887079524879,0.886992414822573
TRIM9,4,0.102843260968662,0.925589348717962,0.902126908137345
GCH1,2,0.103371007581881,0.103371007581881,0.860938534376514
THBS1,3,0.08371921056982,0.33487684227928,0.934699103254893
CHAC1,4,0.260045751234881,2.34041176111393,0.884546835364667
ARRDC4,3,0.128431313793193,0.513725255172773,0.976998327938778
PYGO1,,,,
TNFRSF12A,3,0.121971994430043,0.487887977720174,0.986758213834149
PMM2,3,0.122305484958379,0.489221939833516,0.866756438156168
KCTD13,3,0.0744760122310468,0.297904048924187,0.901987051415282
TXNL4B,5,0.0898556250207797,1.43769000033247,0.887401208235328
CMC2,3,0.0404885039598072,0.161954015839229,0.890614999529
SLC7A5,2,0.0270723596700939,0.0270723596700939,0.928748270021885
FAM57A,3,0.133134955193159,0.532539820772637,0.893953545328262
KDM6B,4,0.144271735468602,1.29844561921742,0.92841168957201
TMEM88,2,0.119215274503109,0.119215274503109,0.92065393858399
UBALD2,3,0.074415717228775,0.2976628689151,0.870635487172523
BAIAP2,3,0.142813277087204,0.571253108348817,0.918286866634337
FAM83G,,,,
PSMD12,3,0.0464779749011292,0.185911899604517,0.920276792554468
NPTX1,4,0.0573730591697108,0.516357532527397,0.869859307656571
PMAIP1,3,0.0263253486330271,0.105301394532108,0.931066138451671
SERPINB8,2,0.274773534833122,0.274773534833122,0.933395856842918
MIDN,3,0.012193940618294,0.0487757624731762,0.974775401177001
GADD45B,3,0.400615775112519,1.60246310045008,0.942667737609096
JUNB,4,0.0219364868574362,0.197428381716926,0.994200607544002
IER2,4,0.0723647055961563,0.651282350365407,0.871023744284424
ZFP36,3,0.323211745026044,1.29284698010418,0.957479740738294
FOSB,4,0.135425101456089,1.2188259131048,0.962483743937076
PPP1R15A,2,0.157952366590224,0.157952366590224,0.936763094543561
DNAJB1,4,0.0316372710526605,0.284735439473945,0.892192235999495
SERTAD1,5,0.0624563538618788,0.999301661790061,0.934335707938109
TGFB1,2,0.175149589849487,0.175149589849487,0.886918510154036
ERCC1,2,0.0625371705278653,0.0625371705278653,0.971126000552996
FOSL2,3,0.0490277335797407,0.196110934318963,0.926583714290058
MXD1,3,0.115239871858911,0.460959487435645,0.859668333279792
NAGK,,,,
HK2,5,0.0657188671749155,1.05150187479865,0.899396465477509
NPAS2,3,0.0694130301707609,0.277652120683044,0.859764898299731
SPOPL,3,0.0469803238779422,0.187921295511769,0.935988628844975
INPP1,3,0.37803885829562,1.51215543318248,0.850061529953611
COQ10B,3,0.0700262046445575,0.28010481857823,0.925632061418758
BZW1,4,0.0399689824054486,0.359720841649038,0.902143302397318
GPR75,5,0.0750224279810599,1.20035884769696,0.8741739708768
C2orf42,5,0.0648900255298645,1.03824040847783,0.901316490658466
EGR4,3,0.102058926032956,0.408235704131823,0.951658482478769
RND3,3,0.0766257643562649,0.30650305742506,0.913051287154838
SERPINE2,3,0.216518931882137,0.866075727528549,0.862968069355
NPPC,4,0.0233267983146026,0.209941184831423,0.932697566812048
TRIB3,3,0.152949534530682,0.611798138122729,0.851506313534289
PRNP,4,0.0237904839750901,0.214114355775811,0.920883389067058
ROMO1,,,,
SRXN1,2,0.0611213478321217,0.0611213478321217,0.891383341374074
RNF24,4,0.101286585529795,0.911579269768152,0.870908502069083
SDC4,3,0.13973795535721,0.558951821428841,0.943413307161067
TIMP3,3,0.0451969812540774,0.18078792501631,0.935767671870351
BHLHE40,2,0.0951422371995333,0.0951422371995333,0.889920228730476
ABHD5,3,0.033918015471154,0.135672061884616,0.922136597963828
PRKCD,4,0.143125949743224,1.28813354768902,0.904087361621434
SLC35G2,5,0.0780189777550148,1.24830364408024,0.928736101855236
CSRNP1,3,0.0500946595602327,0.200378638240931,0.977634987765426
GBE1,2,0.0656315509705256,0.0656315509705256,0.954384341911511
CLDND1,4,0.0115666081480854,0.104099473332768,0.965505715862231
ETV5,3,0.144685971270469,0.578743885081877,0.910163164804202
CPEB2,4,0.0931559399219016,0.838403459297114,0.904707200210022
NIPAL1,3,0.224780375842806,0.899121503371223,0.929052440357895
UTP3,3,0.0664656393151863,0.265862557260745,0.895293339401401
SGMS2,3,0.22686410567034,0.907456422681361,0.923312137666667
OTUD4,4,0.0348414516649455,0.313573064984509,0.944600825522181
ZSWIM6,5,0.081777961378532,1.30844738205651,0.92896021262364
CDK7,4,0.104856906300959,0.943712156708634,0.8565078218822
F2RL1,3,0.0273329833048257,0.109331933219303,0.965105252894225
TCF7,2,0.0703569753517991,0.0703569753517991,0.929992694949891
EGR1,4,0.880553338353715,7.92498004518343,0.933563466940959
HMGCS1,2,0.298482527128513,0.298482527128513,0.886326528401167
ENC1,3,0.0579501870344485,0.231800748137794,0.971647304016992
HOMER1,3,0.406600358867079,1.62640143546831,0.876567085217376
HBEGF,3,0.0608010298647914,0.243204119459166,0.960575474423137
SPRY4,3,0.202186280980441,0.808745123921764,0.935536303689013
DUSP1,,,,
RIOK1,5,0.0354847645979121,0.567756233566593,0.915528364345746
ID4,4,0.0583864132188162,0.525477718969346,0.894187536503267
CDKN1A,3,0.107141554626426,0.428566218505706,0.96325214178883
C6orf141,4,0.188664187545315,1.69797768790784,0.934385813559645
TNFAIP3,4,0.0942421689419532,0.848179520477579,0.904287587510739
STX11,2,0.0554635581691087,0.0554635581691087,0.969516854932098
SERPINB9,3,0.0782563780712226,0.313025512284891,0.988347417189781
PXDC1,3,0.155668825827527,0.622675303310106,0.899920089256219
AKIRIN2,2,0.0194313034286073,0.0194313034286073,0.963588738876556
CTGF,3,0.0773861965266966,0.309544786106786,0.959278720590682
UPP1,2,0.0896231202380168,0.0896231202380168,0.961740693588883
NPTX2,3,0.166908873313043,0.667635493252172,0.868910393400168
IFRD1,4,0.439703017754866,3.95732715979379,0.860842239075548
ZYX,3,0.00759924997912305,0.0303969999164922,0.993283883990649
INSIG1,3,0.11716798234628,0.468671929385122,0.899585158261145
EN2,3,0.291769666373181,1.16707866549272,0.901363429774137
SBDS,4,0.0437428960734346,0.393686064660911,0.882141119556755
CACNA2D1,2,0.0608026962656983,0.0608026962656983,0.912891991941325
ABCB1,2,0.212162163756429,0.212162163756429,0.922576939584312
TFPI2,3,3.0267092433272,12.1068369733088,0.939394720244564
PDK4,3,0.175703929058639,0.702815716234555,0.915154326477518
VGF,3,0.0694097810011579,0.277639124004632,0.95801727604838
PNPLA8,4,0.078221792607008,0.703996133463072,0.922248957467765
FAM3C,3,0.0460248441656243,0.184099376662497,0.935727106420301
HIPK2,4,0.00865642524021225,0.0779078271619103,0.981488847612128
AGPAT5,2,0.0796411857924412,0.0796411857924412,0.853984661167237
UBXN8,4,0.0293055416040681,0.263749874436613,0.948162821456002
MAK16,4,0.121441241930292,1.09297117737263,0.86963002821878
CA2,3,0.0624786133296873,0.249914453318749,0.948778731465275
TRIB1,3,0.162526403494649,0.650105613978596,0.947672445814744
LY6K,3,0.0472100838925006,0.188840335570003,0.979812897114936
EGR3,3,1.3948158646838,5.5792634587352,0.905749800667496
TNFRSF10D,4,0.0583966381149692,0.525569743034722,0.894926902690643
CLU,3,0.0981081773000796,0.392432709200318,0.956526128957871
RNF122,3,0.021087986795387,0.0843519471815481,0.989609546178929
PLAT,3,0.0368786288663875,0.14751451546555,0.945019441280038
CA8,4,0.0512527992719401,0.461275193447461,0.946935247012941
GEM,3,0.0379776420518563,0.151910568207425,0.990826837813898
CCNE2,4,0.0838923163633959,0.755030847270563,0.890521667609802
RNF19A,5,0.0473095336154187,0.756952537846698,0.953641020275357
KLF10,3,0.17418274805471,0.696730992218839,0.919799084960568
FBXO32,3,0.122659572310181,0.490638289240724,0.935000841313481
NDRG1,3,0.0563497322395122,0.225398928958049,0.954693435751656
ARC,3,0.232091053157458,0.928364212629831,0.960141408831074
DNAJA1,,,,
TOR1B,3,0.0701289871472473,0.280515948588989,0.90727496536407
KIAA0020,3,0.106573613839134,0.426294455356535,0.920126211673954
TMEM2,3,0.139122189399195,0.556488757596782,0.924237394964759
TNC,3,0.130953853264642,0.523815413058569,0.881540044372384
NRARP,3,0.168995314398823,0.675981257595291,0.957768012293483
SYAP1,3,0.0251978869292994,0.100791547717198,0.936274389617989
PBDC1,5,0.0322687595036547,0.516300152058476,0.962914724962022
ZCCHC12,3,0.334082460525019,1.33632984210008,0.970142363479022
LONRF3,2,0.0580301788196172,0.0580301788196172,0.93799118609365
GPR50,2,0.536678463745187,0.536678463745187,0.868982526245371
RAI2,3,0.116248462065856,0.464993848263426,0.907998156184672
ELF4,2,0.162400692481542,0.162400692481542,0.902975553203743
LY6G5B,,,,
IER3,3,0.328473452572604,1.31389381029041,0.850183227415386
